<?xml version="1.0" encoding="UTF-8"?>
<project-private xmlns="http://www.netbeans.org/ns/project-private/1">
    <editor-bookmarks xmlns="http://www.netbeans.org/ns/editor-bookmarks/2" lastBookmarkId="0"/>
    <open-files xmlns="http://www.netbeans.org/ns/projectui-open-files/2">
        <group>
            <file>file:/C:/Users/Admin/Desktop/java3/bai_lam/PRO1041_QLBG_NHOM6_COD/src/UI/QLTK_UI.java</file>
            <file>file:/C:/Users/Admin/Desktop/java3/bai_lam/PRO1041_QLBG_NHOM6_COD/src/UI/TRANGCHU_UI.java</file>
            <file>file:/C:/Users/Admin/Desktop/java3/bai_lam/PRO1041_QLBG_NHOM6_COD/src/UI/BD_UI.java</file>
        </group>
    </open-files>
</project-private>
